{
	"parent": "block/block",
	"ambientocclusion": false,
	"textures": {
		"bottom": "block/cactus_bottom",
		"top": "block/cactus_top",
		"particle": "block/cactus_side",
		"side": "block/cactus_side"
	},
	"elements": [
		{
			"from": [0, 0, 0],
			"to": [16, 16, 16],
			"faces": {
				"up": {"uv": [0, 0, 16, 16], "texture": "#top", "cullface": "up"},
				"down": {"uv": [0, 0, 16, 16], "texture": "#bottom", "cullface": "down"}
			}
		},
		{
			"from": [0, 0, 1],
			"to": [16, 16, 15],
			"faces": {
				"north": {"uv": [0, 0, 16, 16], "texture": "#side"},
				"south": {"uv": [0, 0, 16, 16], "texture": "#side"}
			}
		},
		{
			"from": [1, 0, 0],
			"to": [15, 16, 16],
			"faces": {
				"east": {"uv": [0, 0, 16, 16], "texture": "#side"},
				"west": {"uv": [0, 0, 16, 16], "texture": "#side"}
			}
		},
		{
			"from": [6.25, 5.25, -3],
			"to": [9.75, 8.75, 3],
			"faces": {
				"north": {"uv": [5, 6, 8.5, 9.5], "texture": "#side"},
				"east": {"uv": [6, 7, 12, 10.5], "texture": "#side"},
				"south": {"uv": [7, 8, 10.5, 11.5], "texture": "#side"},
				"west": {"uv": [5, 6, 11, 9.5], "texture": "#side"},
				"up": {"uv": [8, 10, 11.5, 16], "texture": "#side"},
				"down": {"uv": [5, 9, 8.5, 15], "texture": "#side"}
			}
		},
		{
			"from": [6, 5, -4],
			"to": [10, 15, 0],
			"faces": {
				"north": {"uv": [3, 6, 7, 16], "texture": "#side"},
				"east": {"uv": [5, 6, 9, 16], "texture": "#side"},
				"south": {"uv": [7, 6, 11, 16], "texture": "#side"},
				"west": {"uv": [6, 6, 10, 16], "texture": "#side"},
				"up": {"uv": [6, 1, 10, 5], "texture": "#top"},
				"down": {"uv": [6, 1, 10, 5], "texture": "#side"}
			}
		}
	],
	"groups": [
		0,
		1,
		2,
		{
			"name": "group",
			"origin": [0, 0, 0],
			"color": 0,
			"nbt": "{}",
			"armAnimationEnabled": false,
			"children": [3, 4]
		}
	]
}